treatment,message_label,audience_size,action_rate,donation_rate,pledge_rate,ate_vs_control
economic_security,Economic Security,3007,0.6351845693382109,0.14898570003325573,0.46158962421017624,0.12784418012687593
community_voice,Community Voice,3055,0.6055646481178396,0.11947626841243862,0.4360065466448445,0.09822425890650466
future_forward,Future Forward,3009,0.5785975407111997,0.12229976736457294,0.4180790960451977,0.07125715149986478
control,Control,2929,0.507340389211335,0.1102765448958689,0.3690679412768863,0.0
