best_message,voters,avg_uplift,avg_response_score
economic_security,9024,0.07247102823768074,0.5843410090404932
community_voice,2409,0.03298011551509512,0.5757881633765184
future_forward,567,0.023346270673757143,0.5791200029230803
