model,roc_auc,average_precision,brier_score
logistic_regression,0.6130262755762815,0.6703385694171147,0.23413683513713396
gradient_boosting,0.6006781206501077,0.6698961616335611,0.23625255330691042
